"choice_current","state_current","Pstate","choice_lag","CCP"
0,0,0,0,0.601549529607084
0,0,0,1,0.23142586152387
0,0,1,0,0.352463454250135
0,0,1,1,0.101109215017065
0,1,0,0,0.849876368774285
0,1,0,1,0.556175298804781
0,1,1,0,0.732330827067669
0,1,1,1,0.358934971838198
1,0,0,0,0.398450470392916
1,0,0,1,0.76857413847613
1,0,1,0,0.647536545749865
1,0,1,1,0.898890784982935
1,1,0,0,0.150123631225715
1,1,0,1,0.443824701195219
1,1,1,0,0.267669172932331
1,1,1,1,0.641065028161802
