"choice","state_current","Pstate","CCP"
0,0,0,0.465167753960857
0,0,1,0.211882605583393
0,1,0,0.759667156142927
0,1,1,0.547619047619048
1,0,0,0.534832246039143
1,0,1,0.788117394416607
1,1,0,0.240332843857073
1,1,1,0.452380952380952
