"state_current","state_lag","count","transition_prob"
0,0,11152,0.802879769618431
0,1,1839,0.300981996726678
1,0,2738,0.197120230381569
1,1,4271,0.699018003273322
